{"author": "Renato Mota, editado por Cesar Schaeffer", "body": "\"A teoria do universo em bloco diz que voc\u00ea se espalha pelo tempo, da mesma maneira como se espalha no espa\u00e7o\", explica Skow. \"N\u00e3o estamos localizados em um \u00fanico momento\". Ou sejam, eventos ocorrem, pessoas envelhecem e assim por diante. \"As coisas mudam\", afirma o professor de filosofia. Mas o passado n\u00e3o \u201cdesaparece\u201d, ele simplesmente existe em diferentes partes do espa\u00e7o-tempo.Esse pensamento possui uma base na teoria do espa\u00e7o e do tempo unificados, proposta por Albert Einstein em 1915. Em sua teoria geral da relatividade, o f\u00edsico alem\u00e3o prop\u00f5e que o espa\u00e7o-tempo toma forma de maneira m\u00faltipla ou cont\u00ednua, que podem ser visualizados como um espa\u00e7o vetorial quadridimensional. \"A distin\u00e7\u00e3o entre passado, presente e futuro \u00e9 apenas uma ilus\u00e3o teimosamente persistente\", afirmou Einstein.No livro, Skow considera diversas explica\u00e7\u00f5es alternativas para como o tempo se comporta, mas se diz mais impressionado com a teoria dos \"holofotes em movimento\", que coloca passado e o futuro em p\u00e9 de igualdade com o presente. No entanto, a teoria sustenta que apenas um momento de cada vez est\u00e1 absolutamente presente, e esse momento continua mudando, como se um holofote estivesse se movendo sobre ela.", "title": "Nova teoria diz que passado, presente e futuro coexistem", "type": "article", "url": "https://olhardigital.com.br/ciencia-e-espaco/noticia/nova-teoria-diz-que-passado-presente-e-futuro-coexistem/97786"}