{"author": "Isabella C\u00e2mara", "body": "Frente a esse cen\u00e1rio, Jo\u00e3o Paulo acredita que o carro aut\u00f4nomo \u00e9 a resposta para resolver o problema do tr\u00e2nsito. Por\u00e9m, antes de colocar os ve\u00edculos para rodarem nas ruas, \u00e9 necess\u00e1rio treinar a m\u00e1quina com base no mais novo programa de rede neural, o deep learning, que se assemelha a um c\u00e9rebro humano. A ideia dessa nova tecnologia \u00e9 fazer com que o carro visualiza o mundo real e reconhece obst\u00e1culos no meio do caminho antes de tomar qualquer decis\u00e3o. \u201cMas n\u00e3o \u00e9 somente ver, \u00e9 entender o que est\u00e1 por tr\u00e1s daquilo para tomar decis\u00f5es mais seguras. Uma imagem \u00e9 composta de reflexos de luz, representados no computador em forma de n\u00famero, mas, se eu quero identificar que determinado objeto \u00e9 uma pessoa eu preciso extrair o sentido por tr\u00e1s da imagem, e o n\u00famero n\u00e3o \u00e9 o suficiente\u201d, explica Navarro no Mobility Day 2018.\u201cSe queremos m\u00e1quinas para pensar, precisamos ensin\u00e1-las a ver\u201d, disse Fei-Fei Li, uma das principais cientistas da Universidade de Stanford \u2013 e Jo\u00e3o Paulo revela que \u00e9 nesta frase que est\u00e1 a verdadeira ess\u00eancia do deep learning. Diferente de uma tecnologia de reconhecimento visual tradicional, a deep learning permite que a m\u00e1quina aprenda novos objetos a partir de um treinamento, o que a faz realmente enxergar. \u201cAlgoritmos baseados em regra n\u00e3o s\u00e3o a solu\u00e7\u00e3o para os carros aut\u00f4nomos\u201d, afirma. Para ele, \u201cn\u00e3o basta identificar itens classificados por uma forma padr\u00e3o de cachorro\u201d, por exemplo, porque no mundo real eles n\u00e3o estar\u00e3o vis\u00edveis de uma forma padronizada, \u201cs\u00e3o infinitas combina\u00e7\u00f5es de cachorros que a m\u00e1quina precisa reconhecer\u201d, explica.Por outro lado, com a deep learning, os engenheiros n\u00e3o precisaram descrever todas as caracter\u00edsticas de um cachorro. \u201cEles passar\u00e3o imagens para a m\u00e1quina e ela aprender\u00e1 quais s\u00e3o os padr\u00f5es fundamentais da imagem para, futuramente, identific\u00e1-los em outras situa\u00e7\u00f5es de uma maneira curada\u201d, explica. Dessa forma, os carros aut\u00f4nomos ser\u00e3o dotados de um \u201cc\u00e9rebro\u201d, o que os tornar\u00e1 capazes de discernir se ser\u00e1 necess\u00e1rio diminuir a velocidade devido a um cachorro em potencial no meio da rua ou seguir seu caminho caso o animal esteja fora de sua rota.Atualmente, j\u00e1 existem diversos projetos no Brasil envolvendo a constru\u00e7\u00e3o de carros aut\u00f4nomos \u2013 a maioria das iniciativas, apesar dos cortes que o governo fez em verbas para pesquisa e ci\u00eancia, acontecem dentro das pr\u00f3prias universidades, diz Navarro. O Iara (Intelligent Autonomous Robotic Automobile) nasceu de um projeto da Universidade Federal do Esp\u00edrito Santo e, hoje, \u00e9 um dos primeiros ve\u00edculos aut\u00f4nomos brasileiros a trafegar em vias urbanas e em rodovias.De acordo com o arquiteto da NVIDIA, apesar dos projetos brasileiros estarem se tornando realidade, ainda ser\u00e3o necess\u00e1rios de 5 a 10 anos para que um carro aut\u00f4nomo saia do meio acad\u00eamico e seja implantado em larga escala no pa\u00eds. Um dos grandes obst\u00e1culos \u2013 e causadores dessa demora relativa -, segundo ele, \u00e9 em rela\u00e7\u00e3o \u00e0s especificidades do mercado brasileiro. \u201cTrazer fabricantes e empresas com interesse em desenvolver carros aut\u00f4nomos aqui \u00e9 o grande desafio. Um ve\u00edculo aut\u00f4nomo treinado para as estradas da Calif\u00f3rnia, n\u00e3o \u00e9 o ideal para o Brasil. Precisamos desenvolver a tecnologia aqui, trazendo o mercado ou gerando empresas no pr\u00f3prio pa\u00eds para montar um modelo adequado a nossa realidade\u201d, conclui.*Foto:\u00a0Eduardo VianaCompartilhe em sua rede:", "title": "Deep Learning: conhe\u00e7a o c\u00e9rebro dos carros aut\u00f4nomos", "type": "article", "url": "https://www.startse.com/noticia/startups/mobtech/deep-learning-o-cerebro-dos-carros-autonomo"}