{"author": "Rafael Rigues", "body": "A IA est\u00e1 sendo usada para projetar partes do \"sistema port\u00e1til de suporte \u00e0 vida\", a \"mochila\" que os astronautas carregam nas costas, que regula sua temperatura corporal, fornece energia e abriga o sistema de comunica\u00e7\u00e3o do traje.Em vez disso, ela est\u00e1 sendo usada para projetar bra\u00e7adeiras e suportes que ir\u00e3o sustentar os sistemas que mant\u00e9m os astronautas vivos. Pode n\u00e3o ser um trabalho glamouroso, mas gra\u00e7as \u00e0 IA a Nasa conseguiu reduzir o peso de alguns componentes em at\u00e9 50%.O xEMU \u00e9 o traje que ser\u00e1 usado nas miss\u00f5es do programa Artemis, que pretende levar uma mulher \u00e0 Lua. Foto: Loren Grush / The Verge.\"Quando a Nasa define os requisitos para um sistema de pouso tripulado, ela aloca um certo peso para cada componente imagin\u00e1vel, que temos que respeitar\", diz Miller. \"Ent\u00e3o, qualquer lugar onde possamos economizar mesmo um d\u00e9cimo de grama nos ajuda a chegar mais perto do limite de peso da miss\u00e3o\"Segundo Jesse Coors-Blankenship, Vice-Presidente de Tecnologia da PTC, empresa que desenvolveu o software usado pela Nasa, \"consideramos a IA como uma tecnologia que pode fazer algo mais r\u00e1pido e melhor do que um humano treinado pode fazer. Algumas das tecnologias s\u00e3o coisas com as quais os engenheiros j\u00e1 est\u00e3o acostumados, como simula\u00e7\u00e3o e otimiza\u00e7\u00e3o estrutural. Mas com a IA, podemos fazer isso mais rapidamente\".Segundo Jesse Craft, engenheiro s\u00eanior da Jacobs, empresa do Texas que foi contratada pela Nasa para auxiliar no projeto do xEMU, \"o processo iterativo das m\u00e1quinas \u00e9 100 ou 1.000 vezes mais r\u00e1pido do que poder\u00edamos fazer sozinhos, e o resultado \u00e9 uma solu\u00e7\u00e3o que \u00e9 idealmente otimizada para nossos requisitos\".", "title": "Intelig\u00eancia artificial ajuda a Nasa a projetar novos trajes espaciais", "type": "article", "url": "https://olhardigital.com.br/ciencia-e-espaco/noticia/inteligencia-artificial-ajuda-a-nasa-a-projetar-novos-trajes-espaciais/102772"}