{"author": "Clara Guimar\u00e3es, editado por Rui Maciel", "body": "Pesquisadores da IBM desenvolveram um modelo de Intelig\u00eancia Artificial (IA) que pode prever c\u00e2ncer de mama maligno com at\u00e9 1 ano de anteced\u00eancia e com 87% de precis\u00e3o. Embora j\u00e1 existam m\u00e9todos de previs\u00e3o de IA que dependem de imagens de mamografia e registros m\u00e9dicos, a IBM destaca-se por usar ambos - e obter, potencialmente, um resultado mais confi\u00e1vel.A abordagem da IBM treina a IA com imagens de mamografia an\u00f4nimas ligadas a biomarcadores\u00a0 e dados cl\u00ednicos, permitindo a cria\u00e7\u00e3o de um algoritmo de alta precis\u00e3o, Ele consegue, portanto, reduzir a taxa de erro ao analisar al\u00e9m da imagem, vendo coisas como n\u00edvel de ferro e funcionamento da tireo\u00edde.Contudo, voc\u00ea provavelmente n\u00e3o gostaria de confiar apenas no algoritmo para fazer previs\u00f5es, mas ele serviria como um bom \"segundo conjunto de olhos\", diz a IBM.\u00a0Ele poderia verificar o progn\u00f3stico de um radiologista e reduzir as chances de os pacientes serem enviados para exames de acompanhamento desnecess\u00e1rios. Isso \u00e9 muito \u00fatil em pa\u00edses com escassez de m\u00e9dicos ou\u00a0em qualquer situa\u00e7\u00e3o em que n\u00e3o h\u00e1 muito tempo para exames humanos.A forma de previs\u00e3o da IBM pode n\u00e3o ser a mais r\u00e1pida - considerando que o MIT lan\u00e7ou um projeto similar capaz de identificar o c\u00e2ncer com at\u00e9 5 anos de anteced\u00eancia-, mas ela est\u00e1 apostando em uma vis\u00e3o mais completa da situa\u00e7\u00e3o, que n\u00e3o confie apenas em imagens e que atue em conjunto com m\u00e9dicos.De qualquer forma, h\u00e1 uma possibilidade real de que mais pacientes com c\u00e2ncer de mama iniciem o tratamento antes que o primeiro tumor apare\u00e7a.", "title": "Intelig\u00eancia Artificial da IBM consegue prever c\u00e2ncer de mama", "type": "article", "url": "https://olhardigital.com.br/noticia/inteligencia-artificial-da-ibm-consegue-prever-cancer-de-mama/87030"}