{"author": "Victor Pinheiro, editado por Fabiana Rolfini", "body": "Outras solu\u00e7\u00f5es j\u00e1 usam tecnologia de deep learning para classificar gal\u00e1xias, mas esses programas normalmente exigem que os pesquisadores observem a exist\u00eancia de um objeto para, na sequ\u00eancia, alimentar o algoritmo com novas imagens para identificar a gal\u00e1xia correspondente. J\u00e1 o modelo dos cientistas da UCSC usa como recurso os dados de imagens originais, e \u00e9 capaz de identificar diferentes elementos de uma mesma gal\u00e1xias.Classifica\u00e7\u00e3o morfol\u00f3gica do Morpheus para regi\u00e3o captada na imagem do Hubble Legacy Fields (Foto: Ryan Hausen/Phys.org)\u201cO Morpheus descobre as gal\u00e1xias para voc\u00ea e faz [essa an\u00e1lise] pixel por pixel. Ele pode lidar com imagens muito complicadas: voc\u00ea pode ter uma [estrutura] esferoidal ao lado de um disco, por exemplo. Para um disco com um objeto central, [o programa] classifica esse objeto separadamente.\", disse Brant Robertson, professor de astronomia e astrof\u00edsica da UCSC e um dos criadores do programa, ao Phys.org.Quando o Morpheus processa uma imagem de uma \u00e1rea do c\u00e9u, o programa cria novos grupos de figuras da \u00e1rea capturada, e classifica todos os objetos com c\u00f3digo de cores de acordo com sua morfologia. Assim, \u00e9 poss\u00edvel separar os objetos astron\u00f4micos do fundo da imagem e identificar estrelas e diferentes tipos de gal\u00e1xia.Com ajuda do supercomputador da UCSC, o Morpheus gera rapidamente a an\u00e1lise pixel por pixel para todo o conjunto de dados, assim como estabelece um n\u00edvel de precis\u00e3o para cada classifica\u00e7\u00e3o.Robertson acredita que o principal impacto da nova tecnologia pode ser o aprimoramento da automatiza\u00e7\u00e3o de processos de pesquisa astron\u00f4mica. Para ele, isso \u00e9 essencial \u00e0 medida que o volume de informa\u00e7\u00f5es \u00e0 disposi\u00e7\u00e3o de cientistas cresce. O pesquisador cita como exemplo a pesquisa Legacy Survey of Space and Time (LSST), que ser\u00e1 conduzida no Observat\u00f3rio Vera Rubin, ainda em constru\u00e7\u00e3o no Chile.A expectativa \u00e9 que o estudo de larga escala possa gerar enormes quantidades de dados de imagens, e Robertson est\u00e1 envolvido no planejamento de como usar essas informa\u00e7\u00f5es para investigar a forma\u00e7\u00e3o e a evolu\u00e7\u00e3o de gal\u00e1xias.\"Imagine se voc\u00ea pedisse a astr\u00f4nomos que eles classifiquem bilh\u00f5es de objetos. Como eles poderiam fazer isso? Agora, poderemos classificar automaticamente esses objetos e usar essas informa\u00e7\u00f5es para aprender sobre a evolu\u00e7\u00e3o das gal\u00e1xias\", disse Robertson, em refer\u00eancia ao uso do Morpheus.", "title": "Cientistas criam programa poderoso que aprimora detec\u00e7\u00e3o de gal\u00e1xias", "type": "article", "url": "https://olhardigital.com.br/ciencia-e-espaco/noticia/cientistas-criam-programa-poderoso-que-aprimora-deteccao-de-galaxias/100683"}