{"author": "Jorge Vargas Neto", "body": "A Intelig\u00eancia Artificial (IA) ganhar\u00e1 cada vez mais espa\u00e7o em todos setores da sociedade, como sa\u00fade, economia, ind\u00fastria e educa\u00e7\u00e3o. Segundo dados do Sebrae, a IA deve movimentar, em 2018, R$ 730 milh\u00f5es, no Brasil.Em relat\u00f3rio publicado no dia 3 deste m\u00eas, a Organiza\u00e7\u00e3o Mundial do Com\u00e9rcio (OMC) afirmou que tecnologia e inova\u00e7\u00e3o v\u00e3o aumentar o com\u00e9rcio global entre 1,8 e 2 pontos percentuais, por ano, at\u00e9 2030. O diretor da organiza\u00e7\u00e3o, Roberto Azev\u00eado, indicou que avan\u00e7os como blockchain,\u00a0intelig\u00eancia artificial e internet das coisas v\u00e3o mudar mercado.No mercado financeiro, \u00e9 muito debatido o uso da IA e como a tecnologia pode agregar aos servi\u00e7os prestados. O assunto vem mobilizando especialistas do F\u00f3rum Econ\u00f4mico Mundial que apontou em seu relat\u00f3rio que a IA vai revolucionar o setor, ao introduzir novos modelos de atua\u00e7\u00e3o e promover a redu\u00e7\u00e3o de custos.\u00c9 importante esclarecer, por\u00e9m, que a IA propriamente dita, que significa a capacidade de produzir pensamento pr\u00f3prio, tamb\u00e9m chamada de singularidade, ainda n\u00e3o existe no setor financeiro. O que h\u00e1, e vem crescendo muito, \u00e9 o machine learning, ou aprendizado de m\u00e1quina, que tem duas modalidades: a\u00a0tradicional e o chamado deep learning (aprendizado profundo).O machine learning permite basicamente ao computador processar informa\u00e7\u00f5es e com isso gerar modelos estat\u00edsticos que v\u00e3o se aprimorando, conforme s\u00e3o acrescentados mais dados ao sistema. \u00c9 algo extremamente valioso para o mercado financeiro. Tanto para o cr\u00e9dito, quanto em opera\u00e7\u00f5es financeiras envolvendo investimento em a\u00e7\u00f5es e derivativos, entre outros.J\u00e1 o deep learning consiste no desenvolvimento de sistemas que absorvem um n\u00famero alto de dados, de forma que ele comece a criar associa\u00e7\u00f5es a partir das informa\u00e7\u00f5es. A aplica\u00e7\u00e3o mais conhecida desse modelo \u00e9 o Google Fotos, que hoje j\u00e1 reconhece, e processa, as imagens com gatos a partir da busca pelo termo \"gatos\" em seu banco de fotos.Feitos esses esclarecimentos, vamos usar o termo intelig\u00eancia artificial para descrever as aplica\u00e7\u00f5es de machine learning e deep learning.Volume dos dadosA IA permite o processamento maior de volume de dados, al\u00e9m de mais camadas de informa\u00e7\u00f5es, de modo a tornar a previs\u00e3o de riscos de cr\u00e9dito mais precisa em tempo real.Ou seja, a aplica\u00e7\u00e3o de algoritmos de aprendizado de m\u00e1quina aos dados individualizados dos clientes, combinada a fundamentos de boa gest\u00e3o de riscos, poder\u00e1 otimizar a identifica\u00e7\u00e3o de melhores estrat\u00e9gias no gerenciamento de risco de cr\u00e9dito.Dessa forma, \u00e9 poss\u00edvel acessar novos mercados hoje n\u00e3o atendidos, bem como ter melhor acur\u00e1cia na concess\u00e3o. Com isso, poderemos gerar maior concorr\u00eancia no setor e potencialmente taxas mais baixas aos tomadores de financiamento.Na an\u00e1lise de cr\u00e9dito, \u00e9 poss\u00edvel introduzir a IA no processamento de dados de relacionamento com clientes, como saldo pendente, data de pagamento de parcelas, dias de atraso, n\u00edvel de endividamento em rela\u00e7\u00e3o ao faturamento e comprometimento.Assim, a tecnologia \u00e9 combinada com dados de ag\u00eancia de cr\u00e9dito padr\u00e3o \u2013 como Serasa e Boa Vista. Isso permite melhor individualiza\u00e7\u00e3o e precifica\u00e7\u00e3o do risco de cr\u00e9dito dos clientes, tendo como consequ\u00eancia uma oferta de produtos financeiros mais personalizados e maximiza\u00e7\u00e3o dos resultados da oferta de referidos produtos.A\u00a0intelig\u00eancia\u00a0artificial \u00e9 hoje um dos campos que atrai mais investimentos de bancos e capitalistas de risco em geral. Apesar de ser relativamente recorrente ao longo dos \u00faltimos 20 anos, a sua aplica\u00e7\u00e3o vem evoluindo gradativamente no exterior, principalmente nos Estados Unidos, Europa e China.Atualmente, a maior parte dos grandes bancos estrangeiros e das empresas de tecnologia de grande porte possui \u00e1reas dedicadas a aplica\u00e7\u00e3o dessas tecnologias a servi\u00e7os banc\u00e1rios, entre elas a Amazon Lending, AntFinancial, Tencent e Facebook Payments.No Brasil, o tema est\u00e1 em franca expans\u00e3o, mas ainda n\u00e3o \u00e9 aplicado em grande escala, havendo ainda um grande potencial de desenvolvimento e crescimento no mercado.A perspectiva para os pr\u00f3ximos anos \u00e9 que o crescimento da capacidade computacional, especialmente a partir da chegada dos processadores qu\u00e2nticos, permitir\u00e1 o processamento de um conjunto de dados ainda maior, o que possibilita a individualiza\u00e7\u00e3o dos riscos de cada cliente e melhora da precis\u00e3o dos modelos preditivos para muitas aplica\u00e7\u00f5es, como o gerenciamento de riscos de cart\u00f5es de cr\u00e9dito em tempo real e outros.A tend\u00eancia \u00e9 que, com a presen\u00e7a maior da IA no setor financeiro, surjam modelos cada vez mais precisos e, por consequ\u00eancia, melhores produtos financeiros dispon\u00edveis \u00e0 popula\u00e7\u00e3o.\u00c9 importante ressaltar que a expans\u00e3o da tecnologia fez com que surgisse a discuss\u00e3o sobre como regulamentar as aplica\u00e7\u00f5es da IA. A Ordem dos Advogados do Brasil (OAB), por exemplo, anunciou em julho a cria\u00e7\u00e3o de um grupo para debater a regulamenta\u00e7\u00e3o do uso da IA no Direito.", "title": "Como a intelig\u00eancia artificial pode mudar o cen\u00e1rio de oferta de cr\u00e9dito", "type": "article", "url": "https://olhardigital.com.br/colunistas/jorge_vargas_neto/post/como_a_inteligencia_artificial_pode_mudar_o_cenario_de_oferta_de_credito/78999"}