{"author": "Wagner Sanchez", "body": "Estamos presenciando uma fus\u00e3o de tecnologias, exponenciais ocasionando mudan\u00e7as radicais nos formatos das empresas, nas fun\u00e7\u00f5es dos profissionais dentro das empresas, na forma como as pessoas compram, se comunicam, estudam, enfim, estamos sentindo em nosso dia a dia experi\u00eancias nunca antes vividas.Neste contexto, temos um processo que estamos chamando de cognifica\u00e7\u00e3o, que resumidamente significa adicionar intelig\u00eancia a qualquer dispositivo que interagimos. Hoje, temos diversos aparelhos com alguma intelig\u00eancia artificial, mas a tend\u00eancia \u00e9 que tenhamos uma grande oferta de sistemas inteligentes on demand para utilizarmos nas mais diversas fun\u00e7\u00f5es, nos ajudando a resolver problemas de forma mais assertiva e r\u00e1pida.Podemos at\u00e9 comparar com a primeira revolu\u00e7\u00e3o industrial que foi potencializada por uma for\u00e7a artificial chamada eletricidade. Ela nos deu acesso a diversos dispositivos indispens\u00e1veis hoje em dia, tais como: geladeira, televis\u00e3o, computadores etc. O que estamos presenciando \u00e9 algo semelhante em rela\u00e7\u00e3o \u00e0s intelig\u00eancias artificiais. Estamos no princ\u00edpio de um novo paradigma que pode proporcionar uma nova etapa na evolu\u00e7\u00e3o da humanidade.A era da cognifica\u00e7\u00e3o pode significar uma mudan\u00e7a no modo como resolvemos os problemas atualmente: a intelig\u00eancia artificial estar\u00e1 muito mais presente em nossas vidas, convivendo com a intelig\u00eancia natural em busca de novas solu\u00e7\u00f5es.Dentro deste novo cen\u00e1rio, o que antes era moldado pela eletricidade, ser\u00e1 formatado pela cognifica\u00e7\u00e3o, ainda mais quando outras tecnologias est\u00e3o se fundindo para proporcionar novas solu\u00e7\u00f5es, tais como: Big Data, IoT, Neurohacking, Prototipa\u00e7\u00e3o 3D, Nanotecnologia, Design Thinking, Deep Learning, Cloud Computing etc.As evolu\u00e7\u00f5es n\u00e3o ir\u00e3o cessar, podem at\u00e9 diminuir a velocidade, mas continuar\u00e3o a substituir atividades repetitivas e que demandem pouca improvisa\u00e7\u00e3o. Assim, o profissional que deseja surfar a melhor onda de sua \u00e1rea, dever\u00e1 estar pronto para colaborar com o desenvolvimento e opera\u00e7\u00e3o das m\u00e1quinas inteligentes que est\u00e3o chegando e que ainda ir\u00e3o chegar no mercado.Por que n\u00e3o se tornar o \u201ctreinador\u201d ou o \u201cdesenvolvedor\u201d das intelig\u00eancias artificiais?Neste contexto da quarta revolu\u00e7\u00e3o industrial, podemos, seguramente, prever algumas disrup\u00e7\u00f5es profundas, como, por exemplo, na \u00e1rea da sa\u00fade. A biomedicina dever\u00e1 passar por fortes evolu\u00e7\u00f5es, onde as tecnologias exponenciais j\u00e1 citadas ir\u00e3o desempenhar boa parte das fun\u00e7\u00f5es que compete aos humanos hoje, cabendo ao ser humano as fun\u00e7\u00f5es menos repetitivas e com maior demanda nas tomadas de decis\u00f5es in\u00e9ditas com pouco hist\u00f3rico. A evolu\u00e7\u00e3o dos equipamentos m\u00e9dicos est\u00e1 a todo vapor com a inser\u00e7\u00e3o da intelig\u00eancia artificial e uma maior precis\u00e3o do escaneamento humano, proporcionando diagn\u00f3sticos com mais precis\u00e3o e rapidez, ainda mais se pensarmos que todo diagn\u00f3stico, preven\u00e7\u00e3o e tratamento poder\u00e3o ter a colabora\u00e7\u00e3o de uma rede mundial de intelig\u00eancias artificiais com machine learning interligada em cloud, trocando milh\u00f5es e milh\u00f5es de informa\u00e7\u00f5es por segundo, onde tudo ser\u00e1 compartilhado e aprendido. Um diagn\u00f3stico realizado aqui no Brasil poder\u00e1 ajudar imediatamente um outro diagn\u00f3stico na \u00cdndia e assim por diante. Com isso, as tomadas de decis\u00f5es devem alcan\u00e7ar um novo patamar de efici\u00eancia e rapidez.A substitui\u00e7\u00e3o completa dos profissionais pela m\u00e1quina n\u00e3o ir\u00e1 acontecer. Vamos vivenciar um cen\u00e1rio onde as tecnologias exponenciais estar\u00e3o a cada dia mais pr\u00f3ximas aos profissionais de todas as \u00e1reas como um grande aliado na solu\u00e7\u00e3o de problemas utilizando Data Science, Intelig\u00eancia Artificial, Cognifica\u00e7\u00e3o, Optical Devices, Biopotenciais, Wearables, Realidade Virtual, Biomateriais, Rob\u00f3tica, Ciberseguran\u00e7a, Neurohacking, IoT - Internet of Things, An\u00e1lise Preditiva e Data Mining, tudo em prol de maior assertividade e velocidade, melhorando a qualidade de vida das pessoas.", "title": "O Futuro cada vez mais perto", "type": "article", "url": "https://olhardigital.com.br/colunistas/wagner_sanchez/post/o_futuro_cada_vez_mais_perto/78972"}