{"author": "Wagner Sanchez", "body": "Sabemos que a maioria de nossas habilidades s\u00e3o aprendidas ao longo da inf\u00e2ncia e da juventude at\u00e9 a vida adulta como por exemplo: falar, andar, escrever, dirigir autom\u00f3veis, praticar esportes, entre outros. Aprendemos olhando, escutando, interagindo e praticando algo que nos interessa ou que nos \u00e9 apresentado como necessidade ou como fonte de prazer. Nos algoritmos computacionais, o conceito atual de aprendizado de m\u00e1quina \u00e9 semelhante: treinamos as intelig\u00eancias artificiais sempre que interagimos com uma. As redes neurais artificiais s\u00e3o desenvolvidas para se comportar como uma esponja de absor\u00e7\u00e3o de conhecimento, tal qual os beb\u00eas quando est\u00e3o se desenvolvendo, todos sedentos por conhecimentos.Outra forma de ensinarmos uma m\u00e1quina \u00e9 apresentando a ela grandes quantidades de informa\u00e7\u00f5es em forma de solu\u00e7\u00f5es desenvolvidas por seres humanos. Desta forma, as redes neurais artificiais aprendem como resolvemos problemas e passam a seguir os nossos padr\u00f5es e, posteriormente, podem adotar seus pr\u00f3prios.\u00a0 Um exemplo interessante deste tipo de aprendizado \u00e9 a experi\u00eancia da IBM com o Watson. Ele foi ensinado a criar trailer de filmes atrav\u00e9s da compara\u00e7\u00e3o entre as produ\u00e7\u00f5es cinematogr\u00e1ficas e seus respectivos trailers. Watson \u201centendeu\u201d como os seres humanos os criam: qual o padr\u00e3o que os cortes devem seguir de acordo com as express\u00f5es faciais dos atores, qual o volume da trilha sonora, quanto tempo deve ter, entre outras caracter\u00edsticas.Neste contexto, \u00e9 importante ressaltar a import\u00e2ncia da qualidade das informa\u00e7\u00f5es apresentadas \u00e0s intelig\u00eancias artificiais e, principalmente, a idoneidade das pessoas que est\u00e3o treinando as redes neurais artificiais, pois corre-se o risco de se desenvolver intelig\u00eancias artificiais preconceituosas, com tend\u00eancias mal\u00e9ficas. O chatbot Tay, da Microsoft, \u00e9 um exemplo de como pessoas mal-intencionadas podem ensinar coisas ruins para uma intelig\u00eancia artificial. Tay foi desenvolvido para interagir e aprender com jovens entre 18 e 24 anos. Por\u00e9m, alguns delinquentes bombardearam o chatbot com mensagens em prol do nazismo. Com isso, Tay come\u00e7ou tuitar espontaneamente mensagens e imagens a favor de Hitler, como o exemplo a seguir:Outro exemplo mais recente foi o desafio aceito por um time do laborat\u00f3rio de m\u00eddia do MIT - Instituto de Tecnologia de Massachusetts. Tr\u00eas pesquisadores desenvolveram uma intelig\u00eancia artificial psicopata, deram a ela o nome de Norman, em homenagem a Norman Bates, personagem do filme Psicose de 1960. Para tanto, foram programadas duas redes neurais com o objetivo de interpretar imagens. Para o treinamento destas duas redes foram usadas imagens com dois padr\u00f5es diferentes. Para a rede Norman, apresentou-se imagens violentas de cenas de mortes e para a outra rede, foram utilizadas imagens comuns da internet.Estes dois exemplos ilustram a import\u00e2ncia de estarmos atentos ao treinamento das intelig\u00eancias artificiais que est\u00e3o presentes em nosso dia a dia: nos atendimentos em hospitais, na \u00e1rea da seguran\u00e7a, na educa\u00e7\u00e3o, em finan\u00e7as, em entretenimento etc. Dependendo das informa\u00e7\u00f5es expostas e das pessoas envolvidas na transmiss\u00e3o de conhecimentos para as redes neurais artificiais, podemos ter surpresas desagrad\u00e1veis em um futuro muito pr\u00f3ximo.", "title": "Os riscos do Machine Learning", "type": "article", "url": "https://olhardigital.com.br/colunistas/wagner_sanchez/post/os_riscos_do_machine_learning/80584"}