{"metadata":{"asset_id":"8a5c75da-26bb-4e85-b6ed-ad2066afb188","asset_attributes":["data_asset"],"name":"dataset_desafio_2.csv","asset_type":"data_asset","created_at":"2020-08-19T00:53:39Z","description":"","origin_country":"us","owner_id":"IBMid-550008EED3","project_id":"de1fffc1-fa1c-430a-954c-af820c72abe0","size":1520235,"tags":[],"usage":{"last_update_time":1597798420186,"last_updated_at":"2020-08-19T00:53:40Z"}},"entity":{"data_asset":{"mime_type":"text/csv","dataset":false}},"attachments":[{"id":"fb269aa1-bacc-449c-9242-7a75718cc22c","version":2,"asset_type":"data_asset","name":"dataset_desafio_2.csv","mime":"text/csv","datasource_type":"193a97c1-4475-4a19-b90c-295c4fdc6517","object_key":"dataset_desafio_2.csv","creator_id":"iam-ServiceId-f49c5558-c247-4983-a04f-7d3c7a3d55da","create_time":1597798420073,"size":1520235,"is_remote":false,"is_managed":false,"is_referenced":true,"is_object_key_read_only":false,"is_user_provided_path_key":true,"transfer_complete":true,"is_partitioned":false,"complete_time_ticks":1597798420073,"user_data":{},"test_doc":0,"handle":{"bucket":"mbtc2020uninassau-donotdelete-pr-txlnikm11u19iw","location":"us-geo","key":"dataset_desafio_2.csv","upload_id":"done","max_part_num":1},"usage":{"access_count":0,"last_accessor_id":"iam-ServiceId-f49c5558-c247-4983-a04f-7d3c7a3d55da","last_access_time":1597798420073}}]}
