{"metadata":{"asset_id":"5fd1aea7-118b-4370-b322-2e668c6b28ce","asset_attributes":["notebook"],"name":"parte-2","asset_type":"notebook","created_at":"2020-08-19T00:53:40Z","description":"","origin_country":"us","owner_id":"IBMid-550008EED3","project_id":"de1fffc1-fa1c-430a-954c-af820c72abe0","size":24880,"tags":["notebook"],"usage":{"last_update_time":1597953010085,"last_updated_at":"2020-08-20T19:50:10Z"}},"entity":{"notebook":{"kernel":{"name":"python3","display_name":"Python 3.6","language":"python"},"originates_from":{"type":"file"},"runtime":{"environment":"conda2py36-de1fffc1-fa1c-430a-954c-af820c72abe0"}}},"attachments":[{"id":"990bb71e-f0f1-4e03-a740-d1f53e08129d","version":2,"asset_type":"notebook","name":"attachment for notebook 5fd1aea7-118b-4370-b322-2e668c6b28ce","description":"attachment for notebook 5fd1aea7-118b-4370-b322-2e668c6b28ce","mime":"application/json","datasource_type":"193a97c1-4475-4a19-b90c-295c4fdc6517","object_key":"notebook/parte-2_XvWXXx6YQ.ipynb","creator_id":"iam-ServiceId-9e68bc5f-c5f6-4f6f-8bcf-e57f47b9d1b1","create_time":1597798421299,"size":24880,"is_remote":false,"is_managed":false,"is_referenced":true,"is_object_key_read_only":false,"is_user_provided_path_key":true,"transfer_complete":true,"is_partitioned":false,"complete_time_ticks":1597798421299,"user_data":{},"test_doc":0,"handle":{"bucket":"mbtc2020uninassau-donotdelete-pr-txlnikm11u19iw","location":"us-geo","key":"notebook/parte-2_XvWXXx6YQ.ipynb","upload_id":"done","max_part_num":1},"usage":{"access_count":0,"last_accessor_id":"iam-ServiceId-9e68bc5f-c5f6-4f6f-8bcf-e57f47b9d1b1","last_access_time":1597798421299}}]}
